node,score,residue,chain,residue_name,metric
796,0.001594514868851152,839,A,GLY,degree
142,0.0015147891254085944,173,A,PRO,degree
1051,0.0015147891254085944,172,B,ALA,degree
2619,0.0015147891254085944,839,C,GLY,degree
2868,0.0015147891254085944,172,D,ALA,degree
3780,0.0015147891254085944,173,E,PRO,degree
6514,0.0015147891254085944,173,H,PRO,degree
6872,0.0015147891254085944,543,H,LEU,degree
9604,0.0015147891254085944,543,K,LEU,degree
10159,0.0015147891254085944,173,L,PRO,degree
2127,0.05140234991652221,344,C,ASN,betweenness
9761,0.04020179484875433,700,K,THR,betweenness
2121,0.040130118996014576,338,C,TYR,betweenness
4292,0.036648845611853866,697,E,PRO,betweenness
2529,0.03648244102310694,749,C,VAL,betweenness
4295,0.034766441413977105,700,E,THR,betweenness
12080,0.034710758487683895,68,Q,ALA,betweenness
2118,0.03259699621014981,335,C,GLY,betweenness
6115,0.02876264656438986,700,G,THR,betweenness
10051,0.028680911882105458,40,L,SER,betweenness
8886,0.07029686878254096,735,J,ASP,closeness
9639,0.0698381412130222,578,K,SER,closeness
9190,0.0687875663580924,92,K,ARG,closeness
4484,0.06847587539716335,889,E,GLY,closeness
4270,0.06838179974485624,675,E,PHE,closeness
4271,0.06833634798526816,676,E,ARG,closeness
9196,0.06831550510882116,98,K,SER,closeness
5123,0.06814625665543844,618,F,THR,closeness
8909,0.06804754593738302,758,J,GLN,closeness
4634,0.06798042371916817,92,F,ARG,closeness
796,0.08907947932076499,839,A,GLY,eigenvector
7422,0.08589888173972486,173,I,PRO,eigenvector
7169,0.08352502731331284,840,H,GLN,eigenvector
1052,0.08137187012461046,173,B,PRO,eigenvector
797,0.08124789437860322,840,A,GLN,eigenvector
7168,0.07961853174793519,839,H,GLY,eigenvector
6514,0.07832498309799041,173,H,PRO,eigenvector
1051,0.07629255931660607,172,B,ALA,eigenvector
7421,0.07561477296686639,172,I,ALA,eigenvector
8336,0.07493159825481165,173,J,PRO,eigenvector
