cluster_id,x,y,z,n_residues
0,21.643296703296706,247.27613846153847,330.74474505494504,455
